{"assets/data/Data.json":["assets/data/Data.json"],"assets/images/Logo.png":["assets/images/Logo.png"],"assets/images/appleicon.png":["assets/images/appleicon.png"],"assets/images/boarding_image_2.png":["assets/images/boarding_image_2.png"],"assets/images/boarding_image_3.png":["assets/images/boarding_image_3.png"],"assets/images/googleicon.png":["assets/images/googleicon.png"],"assets/images/mailicon.png":["assets/images/mailicon.png"],"assets/images/n1.PNG":["assets/images/n1.PNG"],"assets/images/n10.PNG":["assets/images/n10.PNG"],"assets/images/n11.PNG":["assets/images/n11.PNG"],"assets/images/n12.PNG":["assets/images/n12.PNG"],"assets/images/n13.PNG":["assets/images/n13.PNG"],"assets/images/n14.PNG":["assets/images/n14.PNG"],"assets/images/n15.PNG":["assets/images/n15.PNG"],"assets/images/n16.PNG":["assets/images/n16.PNG"],"assets/images/n2.PNG":["assets/images/n2.PNG"],"assets/images/n3.PNG":["assets/images/n3.PNG"],"assets/images/n4.PNG":["assets/images/n4.PNG"],"assets/images/n5.PNG":["assets/images/n5.PNG"],"assets/images/n6.PNG":["assets/images/n6.PNG"],"assets/images/n7.PNG":["assets/images/n7.PNG"],"assets/images/n8.PNG":["assets/images/n8.PNG"],"assets/images/n9.PNG":["assets/images/n9.PNG"],"assets/lang/en.json":["assets/lang/en.json"],"assets/lang/tr.json":["assets/lang/tr.json"],"assets/static/splash.json":["assets/static/splash.json"],"packages/cupertino_icons/assets/CupertinoIcons.ttf":["packages/cupertino_icons/assets/CupertinoIcons.ttf"]}