{
  "news":[
    {"id":1,"channel_photo":"A","name":"A haber","text":"Çin, uzaktan algılama özellikli Yaogan-41 uydusunu fırlattı","photo":"images/n1.png"},
    {"id":2,"channel_photo":"B","name":"B haber","text":"NASA'nın uzay aracının dünya ile bağlantısı kesildi","photo":"images/n2.png"},
    {"id":3,"channel_photo":"C","name":"C haber","text":"Kayak merkezi'nde yapay zeka teknolojisi kullanılmaya başlandı","photo":"images/n3.png"},
    {"id":4,"channel_photo":"D","name":"D haber","text":"İngiltere'deki yargıçlar davalarda yapay zeka kullanabilecek","photo":"images/n4.png"},
    {"id":1,"channel_photo":"A","name":"A haber","text":"Teknolojide çip çağı! Elon Musk ilk kez bir insana beyin çipi yerleştirdi!","photo":"images/n5.png"},
    {"id":2,"channel_photo":"B","name":"B haber","text":"Bilim insanları uyardı: Ay aktif olarak küçülüyor","photo":"images/n6.png"},
    {"id":3,"channel_photo":"C","name":"C haber","text":"iOS 18 Apple'ın en büyük güncellemesi olabilir: iPhone'a yapay zeka geliyor","photo":"images/n7.png"},
    {"id":4,"channel_photo":"D","name":"D haber","text":"Yapay zeka geliştiricileri artık ABD hükümetini bilgilendirmek zorunda","photo":"images/n16.png"},
    {"id":1,"channel_photo":"A","name":"A haber","text":"Apple üçüncü taraf uygulama indirmelerine artık izin verecek","photo":"images/n7.png"},
    {"id":2,"channel_photo":"B","name":"B haber","text":"Japonya'nın uzay aracı Ay'da ters duruyor","photo":"images/n8.png"},
    {"id":3,"channel_photo":"C","name":"C haber","text":"Parker keşif aracı Güneş'e en çok yaklaşan uzay aracı olacak","photo":"images/n9.png"},
    {"id":4,"channel_photo":"D","name":"D haber","text":"Türkiye'nin ilk uzay aracı 2026'da ay yolculuğuna başlıyor","photo":"images/n6.png"},
    {"id":1,"channel_photo":"A","name":"A haber","text":"ABD Uzay Kuvvetleri ChatGPT'yi yasakladı","photo":"images/n10.png"},
    {"id":2,"channel_photo":"B","name":"B haber","text":"Rusya 2025 yılına kadar uzay uçuşlarında NASA'ya yardımcı olacak","photo":"images/n11.png"},
    {"id":3,"channel_photo":"C","name":"C haber","text":"Airbus, yapay yerçekimi ile yeni uzay istasyonu tasarladı","photo":"images/n12.png"},
    {"id":4,"channel_photo":"D","name":"D haber","text":"NASA, uzayda çalışacak insansı robotu test ediyor","photo":"images/n13.png"},
    {"id":1,"channel_photo":"A","name":"A haber","text":"Sahile vuran gizemli nesnenin uzay enkazı olduğu belirlendi","photo":"images/n15.png"},
    {"id":2,"channel_photo":"B","name":"B haber","text":"Virgin Galactic, ilk ticari uzay uçuşunu yaptı","photo":"images/n14.png"}
    
  ]

} 

